{
  "success": true,
  "model_accuracy": 85.0,
  "top_channel": "TV",
  "top_channel_roi": "$2.50",
  "increase_channel": "TV",
  "increase_percent": "15",
  "decrease_channel": "Radio",
  "decrease_roi": "$1.80",
  "optimize_channel": "TV",
  "summary": {
    "channels": {
      "TV": {
        "contribution": 0.4375,
        "roi": 2.5,
        "beta_coefficient": 0.5,
        "adstock_type": "GeometricAdstock",
        "adstock_parameters": {
          "alpha": 0.3,
          "l_max": 3
        },
        "saturation_type": "LogisticSaturation",
        "saturation_parameters": {
          "L": 1.0,
          "k": 0.0005,
          "x0": 600.0
        }
      },
      "Radio": {
        "contribution": 0.25,
        "roi": 1.8,
        "beta_coefficient": 0.3,
        "adstock_type": "GeometricAdstock",
        "adstock_parameters": {
          "alpha": 0.2,
          "l_max": 2
        },
        "saturation_type": "LogisticSaturation",
        "saturation_parameters": {
          "L": 1.0,
          "k": 0.001,
          "x0": 250.0
        }
      },
      "Social": {
        "contribution": 0.3125,
        "roi": 3.2,
        "beta_coefficient": 0.4,
        "adstock_type": "GeometricAdstock",
        "adstock_parameters": {
          "alpha": 0.1,
          "l_max": 1
        },
        "saturation_type": "LogisticSaturation",
        "saturation_parameters": {
          "L": 1.0,
          "k": 0.002,
          "x0": 400.0
        }
      }
    },
    "fit_metrics": {
      "r_squared": 0.85,
      "rmse": 1200.0
    },
    "actual_model_intercept": 5000.0
  },
  "raw_data": {
    "predictions": [
      7042.956019265145,
      8560.311583210583,
      9078.722458080425,
      12114.244452437832,
      10687.236579136923,
      6473.919689274532,
      10648.16793878959,
      9229.835439167367,
      8646.155999388082,
      11223.352577681735,
      12061.999044991902,
      11862.560238232398,
      8321.564953554724,
      9381.575248297571,
      10662.526862807128,
      11951.090254244718,
      9041.65152430942,
      9628.682046672366,
      7787.330051987943,
      7607.5867518386585
    ],
    "channel_contributions": {
      "TV_Spend": [
        35000.0
      ],
      "Radio_Spend": [
        20000.0
      ],
      "Social_Spend": [
        25000.0
      ]
    },
    "model_parameters": {
      "TV": {
        "beta_coefficient": 0.5,
        "adstock_type": "GeometricAdstock",
        "adstock_parameters": {
          "alpha": 0.3,
          "l_max": 3
        },
        "saturation_type": "LogisticSaturation",
        "saturation_parameters": {
          "L": 1.0,
          "k": 0.0005,
          "x0": 600.0
        }
      },
      "Radio": {
        "beta_coefficient": 0.3,
        "adstock_type": "GeometricAdstock",
        "adstock_parameters": {
          "alpha": 0.2,
          "l_max": 2
        },
        "saturation_type": "LogisticSaturation",
        "saturation_parameters": {
          "L": 1.0,
          "k": 0.001,
          "x0": 250.0
        }
      },
      "Social": {
        "beta_coefficient": 0.4,
        "adstock_type": "GeometricAdstock",
        "adstock_parameters": {
          "alpha": 0.1,
          "l_max": 1
        },
        "saturation_type": "LogisticSaturation",
        "saturation_parameters": {
          "L": 1.0,
          "k": 0.002,
          "x0": 400.0
        }
      }
    }
  },
  "analytics": {
    "sales_decomposition": {
      "base_sales": 100000.0,
      "incremental_sales": {
        "TV": 35000.0,
        "Radio": 20000.0,
        "Social": 25000.0
      },
      "total_sales": 192011.46971336904,
      "percent_decomposition": {
        "base": 0.5208022216031055,
        "channels": {
          "TV": 0.18228077756108693,
          "Radio": 0.1041604443206211,
          "Social": 0.13020055540077638
        }
      },
      "time_series": {
        "dates": [
          "2023-01-01",
          "2023-01-08",
          "2023-01-15",
          "2023-01-22",
          "2023-01-29",
          "2023-02-05",
          "2023-02-12",
          "2023-02-19",
          "2023-02-26",
          "2023-03-05",
          "2023-03-12",
          "2023-03-19",
          "2023-03-26",
          "2023-04-02",
          "2023-04-09",
          "2023-04-16",
          "2023-04-23",
          "2023-04-30",
          "2023-05-07",
          "2023-05-14"
        ],
        "base": [
          5000.0,
          5000.0,
          5000.0,
          5000.0,
          5000.0,
          5000.0,
          5000.0,
          5000.0,
          5000.0,
          5000.0,
          5000.0,
          5000.0,
          5000.0,
          5000.0,
          5000.0,
          5000.0,
          5000.0,
          5000.0,
          5000.0,
          5000.0
        ],
        "channels": {
          "TV": [
            0.24372832211845635,
            0.27247487331371767,
            0.26159138012602773,
            0.25493228411486346,
            0.2328280147289886,
            0.23282681441404782,
            0.22796153599528302,
            0.26827614488128165,
            0.25505506148341334,
            0.2603976274901108,
            0.22610241456903948,
            0.2734265606239575,
            0.26659768132029976,
            0.23563280361151678,
            0.23411268734241905,
            0.2341913471015508,
            0.24021711018516412,
            0.2512378114665482,
            0.24659746104674765,
            0.23956751900564396
          ],
          "Radio": [
            0.1824407010145155,
            0.15461817163685226,
            0.1637400550510848,
            0.1681424582064203,
            0.17342103236137754,
            0.19219184556657257,
            0.15822217718242143,
            0.17681288382488006,
            0.1813271029686283,
            0.14903703799242557,
            0.18219421690975865,
            0.1564774166512699,
            0.1501530955259569,
            0.2010612376396593,
            0.201947560284951,
            0.19347151502321353,
            0.1644815799351305,
            0.15211018761737527,
            0.1865534802574835,
            0.1724883521998752
          ],
          "Social": [
            0.17959733770959588,
            0.23873287102737548,
            0.1658402726123156,
            0.296686858048112,
            0.2014047739539299,
            0.2637073591198071,
            0.209865758256719,
            0.24255085035903587,
            0.24660167817509004,
            0.18958613961867776,
            0.3039018997935607,
            0.2794039890922788,
            0.30034355684601094,
            0.2948999785169726,
            0.25426989495665697,
            0.2982185527728611,
            0.1743016458272703,
            0.19136263386156097,
            0.1675263397965553,
            0.21203828297791896
          ]
        }
      }
    },
    "channel_effectiveness_detail": {
      "Social": {
        "roi": 3.2,
        "roi_ci_low": 2.5600000000000005,
        "roi_ci_high": 3.84,
        "statistical_significance": 0.95,
        "cost_per_outcome": 0.473581475434773,
        "effectiveness_rank": 1
      },
      "TV": {
        "roi": 2.5,
        "roi_ci_low": 2.0,
        "roi_ci_high": 3.0,
        "statistical_significance": 0.95,
        "cost_per_outcome": 0.323521046124702,
        "effectiveness_rank": 2
      },
      "Radio": {
        "roi": 1.8,
        "roi_ci_low": 1.4400000000000002,
        "roi_ci_high": 2.16,
        "statistical_significance": 0.95,
        "cost_per_outcome": 0.5638631714166907,
        "effectiveness_rank": 3
      }
    },