{
  "model_type": "ridge",
  "date_trained": "2025-05-23 13:21:07",
  "metrics": {
    "r2": 0.12128647810380266,
    "mae": 50492.27546347273,
    "rmse": 66326.65775166893,
    "mape": 18.381532838022494
  },
  "coefficients": {
    "PPCBrand_Spend": -29356.36943757393,
    "PPCNonBrand_Spend": -7596.456968965451,
    "PPCShopping_Spend": 14340.991216818073,
    "PPCLocal_Spend": 32456.020368168556,
    "PPCPMax_Spend": -25431.134346329356,
    "FBReach_Spend": 11748.814725439328,
    "FBDPA_Spend": 9352.480546609957,
    "OfflineMedia_Spend": -3788.119454194428,
    "interestrate_control": 12112.971447634101
  },
  "intercept": 298824.3999999999,
  "contributions": {
    "PPCBrand_Spend": {
      "coefficient": -29356.36943757393,
      "contribution": 5.484253051690757e-09,
      "contribution_percent": 1.8352761861784215e-12
    },
    "PPCNonBrand_Spend": {
      "coefficient": -7596.456968965451,
      "contribution": 1.267835614271462e-09,
      "contribution_percent": 4.2427446161404965e-13
    },
    "PPCShopping_Spend": {
      "coefficient": 14340.991216818073,
      "contribution": -8.940332918427885e-10,
      "contribution_percent": -2.991834976804956e-13
    },
    "PPCLocal_Spend": {
      "coefficient": 32456.020368168556,
      "contribution": -1.5279510989785194e-09,
      "contribution_percent": -5.113207284875204e-13
    },
    "PPCPMax_Spend": {
      "coefficient": -25431.134346329356,
      "contribution": 4.0618033381178975e-09,
      "contribution_percent": 1.3592609365626585e-12
    },
    "FBReach_Spend": {
      "coefficient": 11748.814725439328,
      "contribution": 1.4524630387313664e-09,
      "contribution_percent": 4.86059049639625e-13
    },
    "FBDPA_Spend": {
      "coefficient": 9352.480546609957,
      "contribution": 8.885763236321509e-10,
      "contribution_percent": 2.9735735222161153e-13
    },
    "OfflineMedia_Spend": {
      "coefficient": -3788.119454194428,
      "contribution": -2.2737367544323206e-11,
      "contribution_percent": -7.608939412016673e-15
    },
    "interestrate_control": {
      "coefficient": 12112.971447634101,
      "contribution": 6.402842700481415e-10,
      "contribution_percent": 2.142677338423895e-13
    },
    "base": {
      "coefficient": 298824.3999999999,
      "contribution": 298824.3999999999,
      "contribution_percent": 99.9999999999962
    },
    "total": {
      "marketing_contribution": 1.0710209608078003e-08,
      "marketing_contribution_percent": 3.584114820636333e-12,
      "control_contribution": 6.402842700481415e-10,
      "control_contribution_percent": 2.142677338423895e-13,
      "base_contribution": 298824.3999999999,
      "base_contribution_percent": 99.9999999999962,
      "total": 298824.40000001126
    }
  },
  "roi": {},
  "predictions": {
    "actual": [
      426441.0,
      362682.0,
      282889.0,
      365760.0,
      360053.0,
      353621.0,
      411527.0,
      283627.0,
      338416.0,
      281596.0,
      300068.0,
      378299.0,
      335720.0,
      283116.0,
      316438.0,
      329166.0,
      285301.0,
      362969.0,
      374546.0,
      430729.0,
      320148.0,
      229816.0,
      258340.0,
      148587.0,
      379146.0,
      417311.0,
      295307.0,
      242384.0,
      225686.0,
      238373.0,
      295656.0,
      188303.0,
      219282.0,
      286020.0,
      262637.0,
      329244.0,
      307125.0,
      235406.0,
      214513.0,
      152809.0,
      287522.0,
      260284.0,
      233135.0,
      240130.0,
      262840.0,
      258170.0,
      301722.0,
      346106.0,
      443561.0,
      380571.0,
      421511.0,
      269931.0,
      266712.0,
      302972.0,
      331589.0,
      262367.0,
      254906.0,
      241529.0,
      267168.0,
      271199.0,
      265296.0,
      276537.0,
      295229.0,
      270962.0,
      292174.0,
      328705.0,
      302138.0,
      294912.0,
      270025.0,
      363936.0,
      351468.0,
      535218.0,
      217347.0,
      312129.0,
      208497.0,
      126060.0,
      431482.0,
      458442.0,
      370572.0,
      298586.0,
      338498.0,
      267508.0,
      271827.0,
      274010.0,
      225803.0,
      246362.0,
      260294.0,
      248161.0,
      235375.0,
      243661.0
    ],
    "predicted": [
      301355.3952331893,
      307676.9920360304,
      310769.2336335117,
      323041.1839547412,
      337575.023112625,
      357965.03775748087,
      347980.0904346749,
      345405.16294177447,
      332155.4816355536,
      318819.8577722718,
      315354.97160316847,
      318988.8490665125,
      313715.03389954026,
      311339.9397765228,
      298539.90677431616,
      290566.2315596616,
      287008.1861564111,
      287385.8048909282,
      281830.9437595622,
      307140.39817439177,
      281672.37805922626,
      275540.7996564199,
      262634.7466111477,
      268067.0201021873,
      297749.97638435225,
      298994.7512185383,
      304990.05056655937,
      308180.1924287342,
      310947.6643118941,
      303316.76700748975,
      297189.29567060235,
      293397.1363445177,
      296275.1275949939,
      297644.0777659796,
      295784.0741971027,
      299522.45324599533,
      301815.8119204785,
      301310.1324942206,
      301591.41917924595,
      302558.1655280073,
      292188.14571420086,
      301935.87218515977,
      299935.9244192959,
      302331.2288216917,
      301156.09562562057,
      291810.6030017542,
      287348.52932937694,
      285382.78864028456,
      286184.02064375236,
      284858.52454931184,
      282790.610428533,
      281415.40524398896,
      280638.4527092158,
      273316.18686197675,
      262589.6440591253,
      285450.69808907836,
      291632.6554813366,
      308976.3722317058,
      293516.51937297353,
      304794.247977642,
      322609.15358318546,
      328611.64429978566,
      308831.0124732214,
      299319.133432098,
      310890.36761785066,
      320318.9312353915,
      321785.25699408795,
      294875.0039670349,
      276818.82150582224,
      279257.66566223337,
      286091.4568740565,
      334035.4888799258,
      313026.57211245946,
      315389.99758006475,
      305040.7431951484,
      293587.365294506,
      334824.6946425174,
      355153.86785621423,
      355070.06634508795,
      313814.80886795424,
      270230.09189009934,
      259009.3036900908,
      258055.19472521375,
      260952.05782226025,
      260012.83900883666,
      251487.24793441343,
      250420.77068092467,
      265222.7321247272,
      270141.2654598826,
      287264.15439832205
    ]
  }
}